gene_id	mutant_1	mutant_2	mutant_3	mutant_4	mutant_5	normal_1	normal_2	normal_3	normal_4	normal_5
GENE_0001	70	81	98	46	108	119	100	66	60	73
GENE_0002	149	231	298	103	199	206	264	194	148	196
GENE_0003	31	46	25	29	39	24	21	19	26	46
GENE_0004	413	438	634	670	617	610	602	408	490	907
GENE_0005	61	69	77	42	74	91	70	62	87	112
GENE_0006	26	18	32	5	17	32	25	22	17	16
GENE_0007	18	32	28	13	23	25	20	25	22	31
GENE_0008	17	35	29	25	37	31	28	26	20	35
GENE_0009	62	88	99	51	61	102	77	53	100	117
GENE_0010	197	275	225	231	246	291	247	221	158	221
GENE_0011	31	36	29	19	11	39	35	25	24	49
GENE_0012	55	50	79	41	66	81	47	48	33	50
GENE_0013	225	425	446	152	404	271	360	302	288	301
GENE_0014	257	519	376	213	332	372	305	269	305	400
GENE_0015	25	38	58	17	69	51	65	34	54	88
GENE_0016	16	18	19	13	24	23	14	17	18	25
GENE_0017	213	225	212	161	192	217	211	172	189	179
GENE_0018	52	100	98	61	81	117	116	66	75	105
GENE_0019	36	72	94	18	58	57	43	48	37	48
GENE_0020	121	167	203	96	196	137	85	80	105	107
GENE_0021	34	46	34	29	38	38	24	36	33	41
GENE_0022	24	30	34	23	37	31	33	31	27	51
GENE_0023	106	129	148	97	111	140	136	99	94	139
GENE_0024	288	242	419	239	197	427	273	204	197	335
GENE_0025	480	356	761	446	588	639	517	471	394	555
GENE_0026	31	38	44	15	21	28	23	25	25	32
GENE_0027	498	529	602	219	678	667	677	409	400	533
GENE_0028	130	120	199	94	121	147	168	141	88	159
GENE_0029	29	26	25	16	13	14	34	25	9	24
GENE_0030	257	324	430	121	141	198	283	225	171	189
GENE_0031	22	14	24	18	15	28	15	24	21	33
GENE_0032	107	159	172	63	129	202	102	147	151	136
GENE_0033	225	341	411	194	426	368	287	366	288	361
GENE_0034	110	149	126	75	110	256	164	196	229	257
GENE_0035	21	30	25	10	18	19	18	21	9	19
GENE_0036	138	184	131	101	135	144	95	102	119	146
GENE_0037	295	282	348	149	223	420	315	210	324	383
GENE_0038	57	37	68	29	48	58	57	35	41	64
GENE_0039	104	118	100	69	66	223	202	108	215	163
GENE_0040	185	151	291	145	238	154	167	199	133	314
GENE_0041	380	657	632	348	405	666	319	385	392	543
GENE_0042	300	351	337	370	296	304	245	293	317	342
GENE_0043	235	223	274	162	204	377	247	236	181	283
GENE_0044	45	44	97	44	53	62	48	44	38	66
GENE_0045	100	138	182	89	145	147	107	100	62	125
GENE_0046	18	19	23	14	20	14	25	18	10	37
GENE_0047	254	304	370	285	327	391	283	222	226	331
GENE_0048	608	749	914	421	397	521	452	393	562	735
GENE_0049	113	283	334	166	283	256	158	126	196	322
GENE_0050	356	393	424	214	288	452	221	302	277	337
GENE_0051	41	48	54	32	68	63	74	45	36	51
GENE_0052	293	382	350	189	374	502	249	266	210	361
GENE_0053	736	1362	1475	1031	861	584	247	512	497	315
GENE_0054	18	9	31	22	18	33	19	12	12	19
GENE_0055	80	99	129	48	74	61	80	73	83	80
GENE_0056	62	79	73	45	45	56	46	44	49	60
GENE_0057	34	54	32	14	20	32	16	28	32	29
GENE_0058	313	565	707	328	339	162	87	195	130	102
GENE_0059	124	211	127	104	136	140	65	160	111	114
GENE_0060	33	30	39	24	35	27	16	35	26	30
GENE_0061	73	73	118	70	87	83	70	95	60	84
GENE_0062	52	69	62	23	41	50	32	54	52	65
GENE_0063	11	29	19	9	25	25	13	12	23	21
GENE_0064	488	472	515	221	314	460	287	363	235	353
GENE_0065	132	213	158	100	117	135	126	91	88	208
GENE_0066	63	49	69	29	43	77	55	33	58	53
GENE_0067	58	57	72	38	58	76	38	61	44	48
GENE_0068	107	146	187	149	84	86	80	122	127	180
GENE_0069	308	255	345	187	302	501	316	416	391	353
GENE_0070	433	693	638	451	500	530	595	583	484	528
GENE_0071	123	142	144	87	152	142	152	134	80	113
GENE_0072	238	436	468	236	490	435	312	376	217	324
GENE_0073	52	63	72	41	67	50	66	50	54	53
GENE_0074	66	156	136	49	101	102	89	56	86	129
GENE_0075	261	377	478	198	386	144	49	83	99	145
GENE_0076	202	298	411	174	229	237	201	309	176	181
GENE_0077	437	470	662	626	511	536	603	402	388	417
GENE_0078	261	641	318	167	251	286	291	218	258	368
GENE_0079	30	77	55	31	63	58	46	30	44	57
GENE_0080	16	28	25	14	22	27	11	13	19	16
GENE_0081	167	191	189	89	172	286	143	272	198	278
GENE_0082	489	550	773	385	449	833	373	355	370	506
GENE_0083	98	136	146	80	110	143	98	88	80	160
GENE_0084	102	158	146	107	102	155	78	153	71	154
GENE_0085	208	272	329	118	193	695	403	332	270	426
GENE_0086	175	144	233	90	92	175	91	90	177	115
GENE_0087	1060	1581	1422	467	945	491	453	377	315	510
GENE_0088	527	466	524	428	409	480	492	452	703	499
GENE_0089	71	87	102	59	63	120	65	73	50	77
GENE_0090	555	1182	848	536	758	547	313	399	337	498
GENE_0091	94	124	144	96	78	144	83	60	76	92
GENE_0092	25	26	21	16	20	22	21	16	13	20
GENE_0093	29	32	39	10	24	37	27	20	17	18
GENE_0094	18	26	18	18	25	20	18	18	13	34
GENE_0095	271	438	443	227	381	424	284	237	151	317
GENE_0096	21	50	26	15	31	26	41	38	27	29
GENE_0097	64	83	168	68	72	441	267	341	294	439
GENE_0098	90	106	109	68	93	498	412	341	438	526
GENE_0099	146	87	254	72	124	121	127	147	95	148
GENE_0100	258	344	230	288	342	276	468	263	247	292
GENE_0101	490	580	654	246	474	506	591	194	410	494
GENE_0102	205	180	241	80	184	245	182	208	122	208
GENE_0103	18	40	45	20	25	16	25	26	27	46
GENE_0104	90	106	102	69	66	98	41	64	93	122
GENE_0105	193	205	299	144	247	266	164	162	224	220
GENE_0106	49	74	94	47	73	84	92	36	56	107
GENE_0107	148	201	231	145	158	41	30	32	35	36
GENE_0108	16	43	26	30	33	41	31	30	21	47
GENE_0109	32	25	35	20	17	30	34	29	30	25
GENE_0110	143	173	172	92	87	162	152	180	110	108
GENE_0111	18	25	44	14	14	23	19	21	25	30
GENE_0112	95	58	125	73	126	102	97	53	105	103
GENE_0113	385	433	453	379	496	496	475	597	397	638
GENE_0114	57	61	82	41	65	58	68	47	43	63
GENE_0115	38	46	54	41	41	64	33	36	41	55
GENE_0116	46	52	69	30	46	38	26	68	47	51
GENE_0117	135	77	106	39	69	115	91	77	63	97
GENE_0118	52	52	50	53	60	47	53	62	55	55
GENE_0119	21	33	32	33	32	42	35	20	15	41
GENE_0120	190	259	164	183	156	272	194	160	154	280
GENE_0121	589	616	619	340	377	670	429	516	302	664
GENE_0122	75	85	98	49	92	140	87	100	62	86
GENE_0123	34	33	27	24	24	30	27	32	29	39
GENE_0124	45	26	44	12	36	38	26	39	17	26
GENE_0125	9	24	26	14	18	20	16	20	18	14
GENE_0126	34	34	25	29	35	36	35	24	29	24
GENE_0127	111	185	172	107	98	168	106	108	85	159
GENE_0128	749	550	674	288	510	958	404	440	526	575
GENE_0129	289	241	476	297	467	264	265	226	313	379
GENE_0130	164	346	246	166	226	298	176	145	153	266
GENE_0131	261	291	512	256	427	278	422	294	298	273
GENE_0132	61	57	65	21	55	48	34	52	48	78
GENE_0133	106	92	111	41	108	69	83	65	100	88
GENE_0134	201	367	477	279	322	397	215	312	357	248
GENE_0135	636	421	694	318	538	791	443	260	344	812
GENE_0136	15	18	24	20	17	28	24	14	19	25
GENE_0137	267	273	386	218	294	262	339	255	278	359
GENE_0138	70	65	91	44	35	57	53	48	45	70
GENE_0139	248	468	364	221	313	293	154	334	224	374
GENE_0140	95	154	197	127	167	61	55	57	50	76
GENE_0141	223	248	269	166	107	235	168	212	200	272
GENE_0142	265	280	290	188	176	214	219	195	138	235
GENE_0143	216	202	239	122	184	275	111	107	192	122
GENE_0144	25	27	19	13	13	19	10	26	7	25
GENE_0145	21	39	28	16	24	11	18	34	25	18
GENE_0146	30	75	61	20	52	55	49	46	52	49
GENE_0147	29	47	44	29	33	31	18	36	22	16
GENE_0148	15	25	35	10	18	29	14	24	25	29
GENE_0149	103	93	106	56	146	101	55	95	89	91
GENE_0150	75	75	93	60	68	88	105	60	76	99
GENE_0151	109	101	208	80	118	96	84	122	158	169
GENE_0152	69	111	93	56	70	89	61	103	57	84
GENE_0153	22	29	31	26	31	59	42	17	20	36
GENE_0154	142	215	315	117	160	177	217	217	238	179
GENE_0155	74	70	149	38	91	69	85	66	59	94
GENE_0156	33	63	72	27	32	56	43	70	38	70
GENE_0157	220	217	356	129	171	199	164	186	122	145
GENE_0158	597	591	600	546	439	536	515	342	311	424
GENE_0159	294	339	389	151	364	449	310	343	263	399
GENE_0160	188	359	233	269	288	325	246	290	315	294
GENE_0161	20	26	29	11	18	14	19	15	13	29
GENE_0162	326	475	428	243	323	161	149	120	91	192
GENE_0163	392	499	553	333	520	628	546	447	623	440
GENE_0164	46	111	82	50	81	84	96	50	66	100
GENE_0165	220	269	294	192	346	407	235	248	284	367
GENE_0166	17	21	16	27	15	29	23	6	15	46
GENE_0167	263	271	402	254	269	195	268	273	224	310
GENE_0168	84	114	165	37	62	82	89	74	81	71
GENE_0169	70	66	77	40	59	59	56	45	51	62
GENE_0170	17	48	76	15	32	40	30	40	20	46
GENE_0171	60	78	73	49	42	81	99	73	84	105
GENE_0172	240	378	510	150	352	322	257	313	391	276
GENE_0173	31	46	35	17	24	22	28	23	15	23
GENE_0174	118	187	106	116	160	151	104	131	58	135
GENE_0175	331	235	367	165	380	293	308	376	288	345
GENE_0176	53	31	69	48	47	44	53	33	49	68
GENE_0177	566	563	701	515	612	155	126	235	126	138
GENE_0178	341	422	432	151	413	263	332	350	228	325
GENE_0179	284	229	365	190	244	372	462	268	174	321
GENE_0180	162	240	303	151	190	248	197	139	131	130
GENE_0181	57	79	161	53	73	100	78	75	58	119
GENE_0182	97	107	197	106	139	158	61	131	131	156
GENE_0183	18	30	28	15	35	19	15	25	7	23
GENE_0184	24	26	37	9	20	22	16	21	12	46
GENE_0185	266	395	520	241	409	360	268	269	349	291
GENE_0186	12	15	40	13	24	26	19	17	21	19
GENE_0187	44	51	80	26	60	43	22	43	40	40
GENE_0188	189	209	198	142	164	89	56	52	64	143
GENE_0189	252	257	257	96	294	269	175	155	176	303
GENE_0190	290	483	324	229	259	232	285	226	331	362
GENE_0191	17	18	43	10	22	32	23	23	12	18
GENE_0192	207	318	323	216	431	306	253	249	273	313
GENE_0193	33	54	38	16	24	32	33	25	29	37
GENE_0194	414	633	745	271	413	609	329	417	344	689
GENE_0195	185	284	270	187	233	209	220	168	227	317
GENE_0196	88	86	96	57	68	88	40	48	69	112
GENE_0197	30	34	64	31	30	23	21	28	19	40
GENE_0198	33	33	76	33	22	23	28	20	21	17
GENE_0199	1045	1193	1687	864	1212	410	374	375	268	384
GENE_0200	40	59	75	25	46	72	42	67	43	43
GENE_0201	505	566	568	479	454	487	550	293	391	742
GENE_0202	85	61	81	34	90	93	82	83	64	93
GENE_0203	151	187	150	122	112	117	111	82	98	124
GENE_0204	183	294	236	200	183	277	182	197	144	282
GENE_0205	504	631	674	368	342	688	617	514	485	493
GENE_0206	147	185	178	139	181	256	193	157	261	212
GENE_0207	83	41	54	32	56	44	54	41	54	63
GENE_0208	160	91	130	65	114	80	76	90	106	139
GENE_0209	193	180	198	67	129	100	65	75	72	87
GENE_0210	455	427	633	404	462	460	481	446	439	374
GENE_0211	54	55	72	32	46	55	33	43	44	70
GENE_0212	85	82	145	52	107	77	96	71	94	70
GENE_0213	44	48	72	41	48	45	41	40	28	52
GENE_0214	72	62	102	52	44	63	51	33	65	67
GENE_0215	232	256	333	288	236	322	220	242	335	291
GENE_0216	65	89	96	59	69	85	66	76	57	83
GENE_0217	90	113	202	97	153	132	199	111	118	135
GENE_0218	483	321	380	273	368	331	256	230	261	461
GENE_0219	259	301	301	248	264	250	243	304	183	352
GENE_0220	122	175	128	111	108	186	111	64	91	105
GENE_0221	451	689	460	422	460	557	523	594	326	824
GENE_0222	37	64	96	39	37	46	61	39	36	58
GENE_0223	239	260	510	155	246	338	230	369	241	474
GENE_0224	292	383	394	176	359	423	317	281	311	387
GENE_0225	232	280	376	161	203	113	74	105	122	134
GENE_0226	59	109	141	54	123	113	61	106	54	105
GENE_0227	44	48	41	33	25	147	109	85	68	137
GENE_0228	32	26	28	16	39	35	40	30	17	36
GENE_0229	22	42	37	24	40	32	22	31	18	31
GENE_0230	19	16	23	20	26	30	30	23	23	32
GENE_0231	84	81	82	47	73	95	86	81	117	66
GENE_0232	248	333	366	240	278	336	267	353	312	380
GENE_0233	15	20	26	13	17	40	13	34	14	31
GENE_0234	1413	1700	1801	1109	1234	428	386	203	280	404
GENE_0235	321	306	496	225	265	381	239	317	255	353
GENE_0236	168	177	230	101	162	172	89	91	111	93
GENE_0237	120	162	148	43	81	265	240	184	292	259
GENE_0238	20	19	30	15	15	19	16	21	21	25
GENE_0239	149	297	240	137	181	78	66	51	61	100
GENE_0240	153	257	252	195	168	271	199	180	140	277
GENE_0241	33	46	43	19	42	35	25	25	24	35
GENE_0242	511	546	614	228	631	563	423	452	426	509
GENE_0243	120	55	82	75	104	95	66	60	63	70
GENE_0244	145	120	168	74	89	123	139	132	111	127
GENE_0245	32	44	60	23	33	55	80	44	36	62
GENE_0246	21	23	31	14	15	26	14	24	14	20
GENE_0247	30	29	35	25	24	43	21	23	17	35
GENE_0248	248	483	474	221	370	434	270	299	265	183
GENE_0249	60	62	34	31	60	86	40	53	31	81
GENE_0250	409	571	734	274	666	555	478	360	447	609
GENE_0251	26	23	22	21	13	28	14	18	14	16
GENE_0252	276	281	327	247	315	305	324	308	173	311
GENE_0253	426	435	426	251	336	320	296	234	284	322
GENE_0254	52	70	88	38	59	49	42	52	61	45
GENE_0255	251	315	419	280	186	409	252	335	205	375
GENE_0256	32	39	52	15	53	37	9	23	25	25
GENE_0257	45	114	64	36	56	66	45	36	36	55
GENE_0258	225	270	288	158	189	163	209	289	178	188
GENE_0259	471	538	588	285	381	416	405	450	329	536
GENE_0260	54	53	54	38	58	42	47	59	40	56
GENE_0261	35	67	68	38	42	57	55	42	51	42
GENE_0262	34	36	36	25	24	42	24	24	25	30
GENE_0263	220	262	300	131	228	149	138	161	133	146
GENE_0264	147	204	180	107	140	131	115	94	149	217
GENE_0265	327	433	385	203	314	292	422	308	295	349
GENE_0266	11	19	31	16	22	13	12	6	17	35
GENE_0267	46	61	61	26	52	41	35	66	50	34
GENE_0268	33	59	80	31	45	63	40	34	39	60
GENE_0269	73	125	130	99	121	132	130	84	115	117
GENE_0270	73	113	86	51	61	59	61	83	77	93
GENE_0271	35	43	30	35	23	34	30	26	26	36
GENE_0272	344	389	505	194	244	327	271	296	318	202
GENE_0273	142	144	167	97	119	116	105	143	100	133
GENE_0274	74	63	86	36	57	57	51	31	25	66
GENE_0275	440	575	786	347	515	438	474	432	420	342
GENE_0276	26	24	30	21	14	33	24	27	17	15
GENE_0277	235	285	356	235	219	289	311	257	252	383
GENE_0278	43	96	111	55	76	129	108	91	60	81
GENE_0279	261	348	422	260	290	471	317	340	212	427
GENE_0280	11	29	25	17	21	20	20	25	10	21
GENE_0281	32	37	36	19	23	23	33	33	23	17
GENE_0282	196	292	537	235	275	285	308	197	245	378
GENE_0283	49	64	71	43	39	52	35	31	65	51
GENE_0284	179	167	166	99	97	124	66	115	153	130
GENE_0285	50	111	121	61	101	75	47	69	107	67
GENE_0286	32	49	37	18	30	52	36	37	26	43
GENE_0287	16	32	35	12	22	29	26	17	17	28
GENE_0288	12	24	22	11	25	19	20	18	19	19
GENE_0289	607	722	643	304	378	529	376	437	354	841
GENE_0290	60	53	74	28	50	74	58	36	23	48
GENE_0291	55	118	90	67	94	78	74	47	83	100
GENE_0292	235	231	430	184	303	324	216	200	216	250
GENE_0293	30	27	56	18	49	33	26	19	25	35
GENE_0294	34	48	61	51	61	42	55	34	40	58
GENE_0295	156	319	188	174	145	209	248	373	145	254
GENE_0296	170	204	277	150	237	252	141	205	178	205
GENE_0297	40	22	47	18	28	41	24	36	17	37
GENE_0298	68	64	50	40	34	108	71	49	37	67
GENE_0299	194	264	240	139	146	371	294	204	155	175
GENE_0300	567	532	654	393	594	396	737	225	433	393
GENE_0301	303	280	450	158	258	358	211	289	268	363
GENE_0302	24	33	31	20	44	34	14	30	24	29
GENE_0303	16	31	49	15	24	32	29	16	29	23
GENE_0304	25	15	31	22	21	10	10	14	26	46
GENE_0305	76	137	94	73	73	57	50	99	57	77
GENE_0306	53	45	50	18	20	29	14	13	30	30
GENE_0307	152	173	362	136	181	235	113	212	203	164
GENE_0308	96	117	93	48	88	95	71	69	54	68
GENE_0309	107	211	211	126	199	194	89	84	80	108
GENE_0310	132	196	350	169	188	236	185	224	182	143
GENE_0311	12	25	37	17	26	25	29	14	17	28
GENE_0312	50	86	80	60	62	62	40	56	81	67
GENE_0313	58	46	52	30	61	37	35	42	49	45
GENE_0314	47	114	107	60	107	82	58	48	78	107
GENE_0315	136	147	174	100	120	167	89	110	82	111
GENE_0316	65	82	81	62	73	119	70	112	92	90
GENE_0317	171	184	209	119	77	360	290	123	247	257
GENE_0318	196	245	256	170	196	204	134	178	183	278
GENE_0319	79	69	142	80	84	63	111	72	77	84
GENE_0320	458	629	861	465	593	645	659	466	430	500
GENE_0321	528	880	1041	517	871	311	239	284	294	418
GENE_0322	241	473	383	217	297	326	320	266	339	319
GENE_0323	21	28	37	15	23	27	25	37	36	21
GENE_0324	429	719	600	220	485	756	349	434	560	455
GENE_0325	77	50	55	41	60	55	57	33	42	60
GENE_0326	321	308	315	214	414	398	313	231	318	350
GENE_0327	66	67	64	30	66	72	36	39	49	58
GENE_0328	20	11	38	11	23	13	25	12	13	28
GENE_0329	31	22	21	21	18	17	30	14	25	25
GENE_0330	22	34	41	19	25	60	39	35	29	49
GENE_0331	67	86	79	45	80	82	42	112	72	56
GENE_0332	275	308	243	221	273	260	238	225	252	289
GENE_0333	265	138	265	134	275	270	162	187	186	206
GENE_0334	17	52	41	16	39	39	37	40	39	32
GENE_0335	48	45	107	41	46	56	48	43	45	45
GENE_0336	1119	1507	1532	826	1069	443	279	327	356	291
GENE_0337	160	215	186	158	179	287	227	127	201	213
GENE_0338	88	106	96	63	98	101	93	77	108	100
GENE_0339	558	860	802	548	458	623	583	416	232	417
GENE_0340	39	86	79	29	74	44	40	39	65	43
GENE_0341	151	257	246	200	144	160	154	178	181	219
GENE_0342	34	29	32	24	31	20	24	25	36	36
GENE_0343	219	284	198	122	164	205	195	247	268	212
GENE_0344	57	86	61	62	46	47	31	43	25	50
GENE_0345	444	613	730	306	579	646	359	367	602	542
GENE_0346	185	346	335	165	186	182	190	172	153	258
GENE_0347	186	200	190	143	211	204	190	174	126	323
GENE_0348	38	52	44	42	45	57	48	35	51	54
GENE_0349	435	428	940	372	357	418	741	384	508	582
GENE_0350	159	219	290	128	164	232	151	151	187	287
GENE_0351	361	437	413	272	263	378	251	248	278	227
GENE_0352	48	57	64	34	37	67	44	42	48	52
GENE_0353	16	30	19	10	13	21	15	18	22	11
GENE_0354	175	220	242	183	200	223	246	144	235	241
GENE_0355	89	111	87	78	105	72	98	87	58	118
GENE_0356	29	20	59	16	17	30	22	23	24	30
GENE_0357	483	454	593	546	628	629	426	507	505	612
GENE_0358	134	161	143	82	149	161	114	90	135	80
GENE_0359	42	74	104	59	88	71	80	69	68	66
GENE_0360	480	547	693	321	729	559	439	486	535	501
GENE_0361	197	181	233	149	152	284	187	201	219	395
GENE_0362	221	427	382	216	219	473	225	308	240	230
GENE_0363	587	652	814	237	524	647	503	600	409	478
GENE_0364	63	44	62	25	62	57	35	27	28	58
GENE_0365	30	45	39	12	29	23	24	19	38	46
GENE_0366	276	341	442	259	477	71	108	59	87	81
GENE_0367	86	93	110	62	77	110	45	65	65	85
GENE_0368	41	29	60	15	44	39	38	29	27	16
GENE_0369	268	295	261	154	319	319	287	293	224	342
GENE_0370	34	35	39	16	27	38	40	29	30	19
GENE_0371	106	100	240	94	114	152	81	147	74	139
GENE_0372	305	331	573	230	330	297	245	293	283	308
GENE_0373	293	321	542	219	313	445	311	207	242	327
GENE_0374	59	89	125	47	100	76	60	73	95	63
GENE_0375	20	44	35	22	45	31	56	33	23	38
GENE_0376	21	26	40	11	29	19	18	19	29	20
GENE_0377	19	22	20	12	20	45	14	11	19	22
GENE_0378	438	502	581	395	384	560	331	485	420	574
GENE_0379	17	44	52	21	29	49	38	29	27	46
GENE_0380	52	103	124	54	90	81	67	50	45	87
GENE_0381	29	26	18	15	17	17	29	10	15	17
GENE_0382	65	103	98	52	89	91	98	83	72	107
GENE_0383	250	337	476	233	374	338	255	230	241	310
GENE_0384	15	25	16	19	26	25	37	26	12	24
GENE_0385	79	85	112	51	108	93	75	81	75	54
GENE_0386	73	61	141	77	46	34	49	28	42	64
GENE_0387	62	59	89	33	31	68	64	49	33	69
GENE_0388	158	149	175	58	116	100	121	118	154	128
GENE_0389	41	51	53	37	37	57	54	35	50	48
GENE_0390	39	27	38	18	46	37	41	32	18	28
GENE_0391	86	85	81	55	58	95	88	100	57	101
GENE_0392	104	118	165	70	100	166	172	125	96	247
GENE_0393	282	217	330	65	231	304	247	201	208	196
GENE_0394	16	21	34	15	16	25	25	25	13	11
GENE_0395	42	58	82	38	52	60	65	57	29	50
GENE_0396	582	699	841	763	924	354	547	335	349	414
GENE_0397	273	205	331	138	226	246	284	242	227	158
GENE_0398	206	252	259	120	224	219	182	199	167	201
GENE_0399	207	423	505	236	392	297	245	219	213	326
GENE_0400	54	99	102	54	115	123	63	80	65	69
GENE_0401	28	44	42	24	45	29	19	22	25	28
GENE_0402	45	34	45	17	20	28	38	61	24	27
GENE_0403	88	107	76	66	86	72	74	106	72	93
GENE_0404	168	186	160	138	194	197	215	165	102	162
GENE_0405	260	341	265	119	239	220	121	154	98	174
GENE_0406	14	27	28	23	26	9	13	19	15	21
GENE_0407	33	58	77	35	39	78	43	51	49	68
GENE_0408	150	184	271	138	152	121	54	53	57	74
GENE_0409	22	46	45	32	30	129	90	77	74	93
GENE_0410	59	84	94	30	32	27	51	41	38	68
GENE_0411	65	109	67	61	75	80	69	81	63	76
GENE_0412	42	34	30	30	32	36	27	29	14	31
GENE_0413	117	198	275	94	107	177	92	102	93	125
GENE_0414	371	292	349	237	129	319	289	284	250	366
GENE_0415	216	200	208	139	223	267	170	171	148	239
GENE_0416	29	50	41	28	23	44	42	22	26	47
GENE_0417	36	25	45	32	31	29	46	15	28	21
GENE_0418	203	178	265	153	235	181	172	187	138	243
GENE_0419	40	98	114	45	83	79	78	49	87	97
GENE_0420	22	30	43	27	21	48	34	44	24	26
GENE_0421	452	817	711	379	627	826	747	351	341	554
GENE_0422	115	123	200	114	133	152	129	112	98	130
GENE_0423	164	151	169	81	175	116	70	89	68	97
GENE_0424	14	50	49	28	28	33	44	12	35	46
GENE_0425	52	47	56	47	26	67	61	62	74	56
GENE_0426	220	279	363	243	383	388	346	223	266	214
GENE_0427	267	244	318	138	179	227	321	123	153	206
GENE_0428	260	233	344	199	322	423	247	245	253	184
GENE_0429	182	235	264	121	146	189	215	157	174	291
GENE_0430	325	358	462	207	265	450	252	342	322	295
GENE_0431	118	206	133	111	142	109	162	100	88	148
GENE_0432	214	195	267	149	187	203	129	144	154	201
GENE_0433	275	311	383	174	253	168	236	164	237	261
GENE_0434	749	584	571	375	563	619	441	286	525	353
GENE_0435	468	667	530	469	439	488	604	439	487	470
GENE_0436	193	255	243	166	185	147	192	252	200	186
GENE_0437	452	804	602	402	479	564	490	340	282	643
GENE_0438	298	312	420	132	159	199	151	154	179	229
GENE_0439	43	37	39	19	26	48	36	17	33	24
GENE_0440	22	42	27	15	31	44	32	28	30	30
GENE_0441	41	46	39	33	44	52	50	57	28	42
GENE_0442	126	109	220	111	114	153	137	115	77	133
GENE_0443	18	25	30	17	23	25	15	11	20	21
GENE_0444	39	100	61	40	46	81	42	46	36	67
GENE_0445	92	174	179	80	62	157	86	127	118	122
GENE_0446	198	277	445	198	318	235	390	254	258	533
GENE_0447	194	245	281	158	215	203	138	120	182	307
GENE_0448	94	150	228	74	76	184	197	229	305	318
GENE_0449	64	57	39	53	31	46	61	43	43	64
GENE_0450	91	127	146	99	101	117	97	93	102	203
GENE_0451	466	383	875	325	434	603	501	494	561	559
GENE_0452	233	179	205	175	137	281	177	134	231	228
GENE_0453	170	309	412	198	352	373	291	291	264	284
GENE_0454	34	61	31	20	23	36	36	24	29	33
GENE_0455	356	542	755	415	581	586	459	568	321	387
GENE_0456	121	121	139	79	111	138	85	114	97	125
GENE_0457	146	225	226	99	148	52	56	33	32	38
GENE_0458	48	94	153	75	74	74	80	60	75	100
GENE_0459	66	117	137	64	80	87	91	74	55	88
GENE_0460	44	41	73	37	36	69	29	43	59	61
GENE_0461	208	316	432	293	236	363	290	198	243	236
GENE_0462	217	462	455	288	302	421	349	208	371	392
GENE_0463	127	91	136	52	91	84	75	86	50	63
GENE_0464	56	76	51	39	66	61	68	37	57	55
GENE_0465	47	31	36	26	28	30	20	40	30	29
GENE_0466	24	28	47	15	25	57	49	27	20	21
GENE_0467	16	27	49	30	17	31	41	18	26	32
GENE_0468	498	814	458	494	478	662	399	430	463	551
GENE_0469	23	20	31	5	25	20	19	12	15	20
GENE_0470	320	382	552	321	296	423	248	372	231	319
GENE_0471	394	414	357	311	352	233	298	296	271	333
GENE_0472	211	195	314	187	180	175	262	156	209	168
GENE_0473	388	911	719	407	655	664	584	443	400	447
GENE_0474	200	164	127	69	108	170	121	137	94	126
GENE_0475	20	31	46	21	24	47	34	26	27	36
GENE_0476	16	27	35	16	29	16	14	15	33	20
GENE_0477	112	108	200	90	123	126	106	90	112	130
GENE_0478	313	379	380	190	328	296	257	211	284	376
GENE_0479	253	288	221	126	227	201	134	205	158	236
GENE_0480	265	287	285	168	159	209	198	205	218	209
GENE_0481	260	319	420	241	285	423	169	281	247	247
GENE_0482	406	369	248	239	202	279	304	272	216	312
GENE_0483	174	280	256	213	171	289	159	212	151	238
GENE_0484	169	228	363	142	248	260	257	136	116	213
GENE_0485	249	389	379	224	282	472	387	362	348	339
GENE_0486	27	19	29	11	22	13	10	21	15	17
GENE_0487	137	121	165	62	99	177	67	86	105	97
GENE_0488	228	193	248	155	200	429	388	228	309	598
GENE_0489	303	288	368	241	301	377	317	301	292	267
GENE_0490	178	214	261	148	268	242	208	166	182	213
GENE_0491	243	236	348	168	166	203	267	228	173	225
GENE_0492	24	43	69	37	45	68	86	68	41	52
GENE_0493	23	33	41	15	18	40	28	31	28	43
GENE_0494	70	82	88	54	72	117	55	65	72	67
GENE_0495	169	182	296	172	190	264	252	274	170	199
GENE_0496	65	78	82	54	73	249	281	195	187	307
GENE_0497	23	27	90	15	26	72	75	36	71	66
GENE_0498	28	52	55	24	41	51	37	56	39	88
GENE_0499	13	15	31	25	22	14	14	25	12	21
GENE_0500	51	73	117	107	89	98	62	77	75	92
GENE_0501	21	34	41	24	32	28	28	32	25	27
GENE_0502	175	196	240	162	188	146	224	209	178	209
GENE_0503	236	398	589	225	337	370	287	193	186	436
GENE_0504	102	152	223	167	152	61	56	55	58	74
GENE_0505	903	810	764	407	467	751	428	382	588	582
GENE_0506	203	295	340	148	203	192	200	213	114	177
GENE_0507	131	90	158	102	120	146	111	140	127	92
GENE_0508	53	47	86	36	63	40	46	36	42	37
GENE_0509	247	348	444	162	372	365	263	261	168	359
GENE_0510	87	113	104	77	66	59	76	57	55	87
GENE_0511	40	90	60	53	40	70	48	48	46	48
GENE_0512	38	40	29	31	37	35	27	27	18	42
GENE_0513	163	202	162	191	187	405	178	200	189	222
GENE_0514	129	156	95	100	89	109	71	46	59	81
GENE_0515	304	318	302	242	277	371	317	301	333	332
GENE_0516	257	342	354	211	327	433	266	161	249	333
GENE_0517	33	50	52	23	20	35	26	35	25	23
GENE_0518	167	141	140	88	72	142	171	82	126	116
GENE_0519	79	65	52	35	73	58	39	38	47	39
GENE_0520	19	13	25	18	25	22	17	15	9	21
GENE_0521	70	96	109	52	52	135	88	46	70	77
GENE_0522	184	208	284	96	211	277	174	215	135	209
GENE_0523	377	525	602	366	457	752	333	517	299	505
GENE_0524	14	29	19	15	15	20	19	15	26	38
GENE_0525	24	46	30	33	19	56	16	23	28	38
GENE_0526	39	32	19	29	42	56	18	27	30	39
GENE_0527	487	542	888	267	630	625	379	632	519	501
GENE_0528	622	415	591	418	480	796	432	494	445	568
GENE_0529	65	110	112	52	75	76	66	45	79	73
GENE_0530	269	290	458	189	277	371	324	297	206	290
GENE_0531	17	30	31	11	19	26	13	16	15	23
GENE_0532	174	220	200	142	190	179	229	130	176	195
GENE_0533	10	26	28	24	40	28	15	21	19	14
GENE_0534	533	612	816	400	518	427	454	653	556	651
GENE_0535	29	36	45	20	27	34	24	30	28	27
GENE_0536	253	270	299	167	218	216	187	159	188	164
GENE_0537	69	92	109	65	64	133	75	73	91	75
GENE_0538	337	394	331	322	229	484	291	209	254	309
GENE_0539	108	142	148	55	141	170	137	113	123	130
GENE_0540	39	36	37	25	34	51	26	18	19	38
GENE_0541	73	86	125	73	69	98	72	66	68	102
GENE_0542	191	348	343	316	248	463	271	235	410	303
GENE_0543	139	196	277	114	219	154	194	179	129	304
GENE_0544	19	37	44	19	35	30	30	39	21	23
GENE_0545	87	105	84	68	84	119	78	50	82	88
GENE_0546	53	78	76	31	64	46	65	39	47	42
GENE_0547	120	156	273	101	167	285	217	221	198	260
GENE_0548	223	316	378	198	436	341	229	259	382	218
GENE_0549	281	307	296	152	311	252	225	283	311	360
GENE_0550	284	222	406	124	235	175	132	140	110	134
GENE_0551	99	159	140	121	124	159	124	59	112	155
GENE_0552	425	727	1046	388	458	288	536	368	362	478
GENE_0553	28	18	27	18	15	23	20	12	22	21
GENE_0554	18	27	44	16	21	27	24	14	20	28
GENE_0555	41	78	70	34	45	48	37	51	58	30
GENE_0556	51	127	111	67	63	215	145	113	142	199
GENE_0557	130	226	209	98	156	287	210	216	230	253
GENE_0558	186	254	180	240	171	173	166	241	148	285
GENE_0559	50	146	117	59	61	79	78	93	89	81
GENE_0560	112	47	130	74	74	151	56	77	69	103
GENE_0561	252	220	287	125	181	199	170	224	159	208
GENE_0562	9	17	35	18	14	16	17	14	25	20
GENE_0563	85	75	101	61	77	98	97	56	46	99
GENE_0564	394	505	525	404	363	651	495	287	419	598
GENE_0565	201	254	369	133	170	221	171	181	220	212
GENE_0566	100	122	113	70	78	188	141	95	125	117
GENE_0567	40	44	72	19	44	74	34	44	40	58
GENE_0568	109	187	319	141	212	171	164	181	151	236
GENE_0569	102	100	115	61	82	40	50	53	46	80
GENE_0570	343	246	357	205	281	202	204	197	285	507
GENE_0571	62	88	90	85	88	110	89	80	79	90
GENE_0572	100	139	134	118	98	107	122	111	91	159
GENE_0573	471	755	707	354	522	584	394	358	339	445
GENE_0574	34	29	49	23	19	41	44	16	31	29
GENE_0575	49	42	109	32	30	64	51	46	59	57
GENE_0576	335	426	294	265	458	380	191	312	237	328
GENE_0577	41	58	78	33	44	68	22	26	42	46
GENE_0578	52	48	51	46	38	61	45	50	56	57
GENE_0579	42	45	55	12	29	42	44	24	21	37
GENE_0580	85	130	86	52	77	100	64	67	45	86
GENE_0581	225	188	315	115	161	370	272	201	170	217
GENE_0582	45	61	55	28	46	136	94	67	81	111
GENE_0583	142	147	163	93	116	101	87	139	139	148
GENE_0584	38	65	48	32	28	75	33	32	49	48
GENE_0585	106	68	113	56	73	87	100	64	99	83
GENE_0586	32	34	31	43	27	33	24	13	13	27
GENE_0587	72	71	79	55	65	79	93	70	68	67
GENE_0588	25	30	22	8	15	16	22	19	17	39
GENE_0589	122	154	194	69	104	133	143	102	108	167
GENE_0590	555	551	490	461	511	710	609	236	479	450
GENE_0591	18	37	19	11	15	38	20	13	15	15
GENE_0592	38	29	32	15	28	39	36	23	34	23
GENE_0593	443	582	643	369	566	521	434	494	441	559
GENE_0594	114	300	277	150	286	228	199	215	168	211
GENE_0595	450	408	475	257	243	403	284	237	261	333
GENE_0596	257	277	661	203	386	416	316	266	361	323
GENE_0597	16	20	28	15	18	33	18	18	15	30
GENE_0598	243	392	411	140	207	225	174	235	186	172
GENE_0599	72	96	144	63	68	98	90	85	85	79
GENE_0600	96	82	95	62	68	91	69	81	69	96
GENE_0601	162	304	302	174	147	218	279	167	115	189
GENE_0602	379	547	710	354	612	685	489	581	369	694
GENE_0603	430	555	719	395	393	610	426	421	378	503
GENE_0604	325	365	336	232	294	508	256	297	217	449
GENE_0605	396	632	558	403	573	628	390	254	577	515
GENE_0606	251	233	314	140	174	262	238	178	220	287
GENE_0607	395	608	868	351	520	493	524	431	506	573
GENE_0608	43	41	66	52	35	47	41	31	49	78
GENE_0609	222	415	465	343	235	339	378	255	209	348
GENE_0610	12	23	26	9	16	20	13	20	14	27
GENE_0611	127	147	107	71	63	40	31	35	30	44
GENE_0612	70	70	116	55	97	95	82	79	45	115
GENE_0613	168	261	264	151	223	239	234	197	172	127
GENE_0614	24	16	21	18	30	22	20	25	11	17
GENE_0615	81	152	144	91	119	128	85	166	146	117
GENE_0616	665	552	786	323	464	464	541	490	361	693
GENE_0617	82	58	82	62	60	103	77	65	59	70
GENE_0618	107	147	109	85	94	99	88	124	118	160
GENE_0619	114	137	133	83	145	139	100	81	87	162
GENE_0620	826	789	967	667	729	511	335	232	419	631
GENE_0621	84	70	120	62	77	70	94	118	71	65
GENE_0622	92	164	280	68	104	150	112	98	117	132
GENE_0623	385	372	335	254	218	307	340	279	273	234
GENE_0624	344	591	752	367	723	626	610	382	609	578
GENE_0625	21	33	29	21	16	63	39	41	35	45
GENE_0626	37	50	97	57	77	108	125	85	75	94
GENE_0627	20	31	47	20	18	31	25	37	27	44
GENE_0628	21	29	30	18	5	21	14	17	21	29
GENE_0629	82	106	138	77	75	104	71	87	95	77
GENE_0630	94	125	101	81	93	77	95	39	90	78
GENE_0631	83	76	102	82	81	61	108	76	76	91
GENE_0632	19	18	35	17	24	16	20	13	13	19
GENE_0633	132	96	116	67	122	133	140	144	80	157
GENE_0634	57	74	42	26	50	62	53	39	34	43
GENE_0635	77	74	136	58	72	104	81	71	73	126
GENE_0636	139	216	213	191	195	241	176	181	179	236
GENE_0637	260	339	239	155	285	210	208	199	269	164
GENE_0638	1393	1893	2150	1060	1420	608	312	482	362	477
GENE_0639	146	217	257	189	190	234	209	164	194	223
GENE_0640	161	149	107	102	147	147	110	70	69	135
GENE_0641	129	320	228	156	211	306	165	151	221	177
GENE_0642	105	99	84	50	100	84	101	91	81	78
GENE_0643	19	35	42	20	36	39	33	20	22	31
GENE_0644	40	71	114	89	104	86	62	56	122	96
GENE_0645	225	245	548	203	350	462	246	254	239	362
GENE_0646	86	78	119	43	74	90	133	78	88	100
GENE_0647	34	37	98	43	57	77	31	55	61	38
GENE_0648	249	167	253	186	158	258	211	118	169	263
GENE_0649	496	526	571	554	603	783	465	410	425	447
GENE_0650	21	27	27	12	22	43	33	26	26	51
GENE_0651	36	53	40	28	42	47	44	64	52	52
GENE_0652	188	230	235	105	177	314	214	170	188	184
GENE_0653	14	15	26	13	33	16	28	13	16	29
GENE_0654	101	199	151	138	130	113	99	188	83	121
GENE_0655	156	290	403	140	189	415	174	279	154	242
GENE_0656	56	72	68	37	47	53	47	31	53	51
GENE_0657	19	47	51	20	30	20	31	40	23	23
GENE_0658	13	19	23	2	13	59	43	33	16	54
GENE_0659	142	162	283	126	127	46	39	25	32	45
GENE_0660	484	600	757	352	389	536	389	418	228	324
GENE_0661	245	208	291	185	237	174	237	146	162	241
GENE_0662	223	189	325	121	126	183	206	221	199	239
GENE_0663	98	93	97	48	72	75	64	101	99	109
GENE_0664	106	91	150	62	115	98	128	79	86	126
GENE_0665	130	209	287	179	151	226	146	139	193	256
GENE_0666	114	121	113	74	93	152	155	67	94	98
GENE_0667	26	42	43	19	30	39	37	26	32	26
GENE_0668	155	266	289	223	131	261	206	191	159	184
GENE_0669	128	78	206	94	125	106	102	105	132	128
GENE_0670	27	48	78	27	30	46	32	34	38	37
GENE_0671	502	678	944	289	532	784	543	356	508	827
GENE_0672	16	27	22	14	14	28	20	20	13	27
GENE_0673	246	256	271	262	243	294	246	342	230	294
GENE_0674	476	592	690	375	470	635	504	476	433	389
GENE_0675	388	674	773	379	459	415	503	413	575	508
GENE_0676	18	14	23	16	22	16	17	9	21	28
GENE_0677	42	43	30	32	44	108	54	126	53	108
GENE_0678	98	141	173	81	103	108	118	157	115	175
GENE_0679	127	258	224	157	238	197	146	162	184	195
GENE_0680	310	292	399	185	298	95	95	76	81	92
GENE_0681	21	33	49	40	27	36	34	25	38	45
GENE_0682	109	216	148	91	149	108	91	79	136	137
GENE_0683	67	75	120	59	56	161	66	55	67	103
GENE_0684	23	26	37	28	38	36	39	28	27	32
GENE_0685	245	181	201	216	231	201	139	200	167	304
GENE_0686	332	403	380	221	291	539	292	288	224	278
GENE_0687	151	166	165	86	96	122	109	88	119	127
GENE_0688	40	89	92	28	55	62	42	39	40	59
GENE_0689	225	271	224	168	173	288	177	202	204	253
GENE_0690	86	145	96	57	43	132	72	63	89	96
GENE_0691	48	46	30	28	48	39	32	41	29	43
GENE_0692	157	237	232	124	226	268	141	131	128	131
GENE_0693	73	122	140	56	72	71	78	49	59	105
GENE_0694	328	330	286	271	258	369	319	292	236	338
GENE_0695	73	73	108	65	80	80	77	89	87	136
GENE_0696	29	43	58	24	53	73	47	38	69	31
GENE_0697	249	617	415	272	315	357	276	341	217	382
GENE_0698	85	147	160	120	139	134	95	136	140	138
GENE_0699	61	62	90	37	37	110	72	91	72	101
GENE_0700	15	27	40	24	14	27	22	6	19	39
GENE_0701	104	109	154	68	82	135	127	133	129	122
GENE_0702	192	452	312	202	297	341	297	243	402	335
GENE_0703	581	661	663	342	409	393	326	459	596	715
GENE_0704	39	57	81	43	53	38	36	36	23	74
GENE_0705	19	16	54	26	17	98	90	61	64	55
GENE_0706	105	110	179	77	115	111	130	87	87	88
GENE_0707	62	105	95	76	84	97	77	79	37	78
GENE_0708	135	234	287	187	291	181	181	198	212	201
GENE_0709	217	243	268	180	303	217	100	187	138	164
GENE_0710	242	232	682	312	336	262	370	194	151	248
GENE_0711	189	192	191	161	160	130	68	81	78	98
GENE_0712	237	331	408	265	247	384	209	280	201	325
GENE_0713	68	87	80	33	93	81	97	39	59	100
GENE_0714	114	156	188	99	124	118	79	156	102	198
GENE_0715	24	37	46	23	33	96	52	63	57	76
GENE_0716	24	22	22	15	13	18	23	13	17	16
GENE_0717	353	429	290	245	256	400	387	260	211	267
GENE_0718	50	62	70	22	39	46	56	40	47	71
GENE_0719	18	19	31	12	14	17	29	19	24	20
GENE_0720	20	25	43	14	25	46	30	33	43	21
GENE_0721	43	117	114	64	50	72	77	66	80	66
GENE_0722	125	76	90	90	68	134	64	51	82	83
GENE_0723	580	846	772	343	484	555	493	577	458	459
GENE_0724	486	679	608	440	374	682	353	482	361	717
GENE_0725	36	53	68	26	54	75	40	78	59	48
GENE_0726	10	18	26	35	25	29	20	18	16	19
GENE_0727	229	352	437	207	305	344	347	244	266	358
GENE_0728	459	581	1118	505	464	654	569	555	447	554
GENE_0729	29	47	39	22	22	48	25	20	30	36
GENE_0730	51	41	69	36	60	46	55	38	40	40
GENE_0731	577	682	962	538	387	708	495	455	445	619
GENE_0732	57	73	62	44	54	89	45	31	56	42
GENE_0733	28	42	46	18	36	43	31	33	22	28
GENE_0734	360	557	589	307	431	565	420	398	614	543
GENE_0735	542	716	735	308	438	493	481	274	491	784
GENE_0736	72	91	141	46	83	116	52	96	62	82
GENE_0737	495	578	768	327	439	670	400	409	532	460
GENE_0738	98	101	102	64	81	88	72	80	58	94
GENE_0739	467	430	502	452	526	876	432	463	457	526
GENE_0740	249	409	328	161	270	307	290	233	276	263
GENE_0741	17	28	37	18	18	22	9	22	24	41
GENE_0742	126	154	171	89	121	139	93	84	114	113
GENE_0743	444	651	540	335	500	497	514	386	523	624
GENE_0744	157	284	309	149	154	362	253	141	170	235
GENE_0745	20	28	46	12	34	23	31	18	37	20
GENE_0746	411	480	833	343	697	601	743	586	620	550
GENE_0747	192	241	378	133	173	167	168	192	188	175
GENE_0748	105	125	151	104	152	110	73	113	59	150
GENE_0749	53	43	126	38	34	55	58	29	63	40
GENE_0750	22	63	36	18	22	33	24	12	20	32
GENE_0751	36	58	82	38	45	67	71	51	45	54
GENE_0752	15	28	22	15	16	21	20	21	19	10
GENE_0753	66	118	114	71	63	96	67	47	49	93
GENE_0754	194	317	327	224	249	139	142	251	156	211
GENE_0755	69	44	76	53	46	36	69	76	42	46
GENE_0756	64	63	68	48	27	47	50	37	24	38
GENE_0757	194	233	362	103	257	342	200	221	184	422
GENE_0758	43	19	44	20	25	32	32	20	21	34
GENE_0759	82	166	161	72	140	139	108	113	135	147
GENE_0760	73	107	150	90	58	259	188	207	222	301
GENE_0761	148	118	169	90	121	153	88	66	119	120
GENE_0762	40	73	70	28	49	87	52	46	37	48
GENE_0763	26	39	39	11	22	27	20	14	19	21
GENE_0764	99	130	85	56	90	92	42	81	73	69
GENE_0765	234	436	566	198	258	622	282	252	201	261
GENE_0766	57	84	183	65	77	65	65	49	90	67
GENE_0767	20	25	48	14	19	33	17	21	27	22
GENE_0768	98	149	202	90	130	173	105	81	86	110
GENE_0769	514	627	718	419	392	507	429	466	406	450
GENE_0770	98	173	114	100	55	139	120	101	144	129
GENE_0771	239	327	493	220	322	270	315	190	270	278
GENE_0772	680	409	517	334	408	453	387	279	495	520
GENE_0773	178	311	297	200	189	285	257	206	218	170
GENE_0774	58	54	67	34	41	69	30	69	56	61
GENE_0775	188	218	154	142	172	322	262	242	114	255
GENE_0776	150	241	268	189	222	235	194	166	102	285
GENE_0777	115	140	160	97	125	94	100	118	139	147
GENE_0778	42	64	79	45	44	101	111	61	85	105
GENE_0779	17	46	37	18	29	31	25	31	18	31
GENE_0780	927	852	931	371	600	254	305	265	280	223
GENE_0781	36	32	44	15	35	26	44	31	27	37
GENE_0782	11	30	33	11	27	27	9	16	15	15
GENE_0783	29	37	48	22	23	25	46	19	16	46
GENE_0784	34	65	44	44	44	65	40	53	48	40
GENE_0785	46	42	70	47	51	47	53	39	49	71
GENE_0786	110	142	162	84	121	45	30	39	33	51
GENE_0787	172	257	267	212	194	306	215	184	276	234
GENE_0788	39	45	108	36	46	76	88	66	78	87
GENE_0789	38	100	68	33	44	80	43	35	38	31
GENE_0790	323	379	351	219	245	362	313	249	263	246
GENE_0791	358	272	529	136	323	206	89	60	77	90
GENE_0792	6	11	11	9	10	51	34	39	35	57
GENE_0793	409	762	782	335	477	606	455	408	370	753
GENE_0794	363	290	233	287	254	327	356	296	263	324
GENE_0795	325	362	496	204	399	345	387	234	249	325
GENE_0796	373	268	398	215	217	388	240	283	256	497
GENE_0797	78	63	50	31	42	76	39	39	37	41
GENE_0798	672	631	534	360	487	674	444	351	681	469
GENE_0799	24	33	71	29	15	33	39	20	27	42
GENE_0800	62	88	80	35	58	79	42	44	46	52
GENE_0801	19	27	26	19	47	32	32	19	22	24
GENE_0802	9	25	32	20	18	26	13	16	22	28
GENE_0803	142	234	225	176	152	198	151	186	176	148
GENE_0804	37	48	24	21	37	25	24	24	22	44
GENE_0805	108	57	137	64	70	106	104	107	63	91
GENE_0806	220	233	255	143	159	287	272	233	268	295
GENE_0807	196	112	136	110	95	156	96	141	125	118
GENE_0808	30	79	72	37	42	51	38	49	54	74
GENE_0809	212	197	278	180	192	275	151	194	209	188
GENE_0810	51	70	64	40	46	43	36	36	37	45
GENE_0811	28	49	43	27	34	42	30	28	41	46
GENE_0812	52	54	52	39	40	45	50	60	69	45
GENE_0813	70	109	103	57	61	92	94	39	100	82
GENE_0814	207	306	646	195	382	458	277	157	198	367
GENE_0815	45	77	55	36	45	63	48	45	38	75
GENE_0816	173	535	381	180	412	338	360	260	279	334
GENE_0817	86	171	165	114	121	143	131	139	112	127
GENE_0818	293	289	420	199	247	62	65	54	46	49
GENE_0819	34	48	51	39	71	67	49	46	48	53
GENE_0820	19	34	34	15	15	16	21	20	12	20
GENE_0821	26	36	31	19	28	40	27	25	33	30
GENE_0822	261	308	254	212	356	472	244	269	255	283
GENE_0823	16	25	19	9	24	32	16	27	15	21
GENE_0824	18	15	24	15	28	23	27	7	20	21
GENE_0825	55	80	96	40	64	55	54	42	46	68
GENE_0826	62	117	67	64	82	144	83	85	58	103
GENE_0827	120	176	97	68	153	84	96	93	160	96
GENE_0828	380	402	404	261	338	280	204	273	215	416
GENE_0829	19	50	45	25	24	33	26	16	11	36
GENE_0830	122	201	135	106	138	87	80	98	89	121
GENE_0831	33	23	21	21	17	19	34	15	28	13
GENE_0832	169	238	253	151	173	226	159	160	190	185
GENE_0833	277	222	147	147	200	225	199	221	190	307
GENE_0834	53	50	67	50	47	41	55	58	43	62
GENE_0835	239	335	331	263	265	281	295	323	217	435
GENE_0836	236	189	283	121	196	207	191	192	202	210
GENE_0837	31	29	42	16	21	39	33	22	32	32
GENE_0838	142	128	173	69	105	123	87	75	73	98
GENE_0839	89	73	120	34	80	89	91	77	52	63
GENE_0840	94	190	131	105	118	160	98	80	93	151
GENE_0841	96	111	96	46	100	113	77	56	83	79
GENE_0842	22	18	19	7	24	23	19	14	26	17
GENE_0843	200	149	277	181	319	106	140	154	124	173
GENE_0844	184	148	198	148	152	93	97	43	80	107
GENE_0845	19	30	31	26	37	38	33	20	33	34
GENE_0846	82	122	178	95	86	152	139	111	86	120
GENE_0847	20	25	44	34	47	21	29	23	18	54
GENE_0848	278	330	342	361	211	374	315	325	202	431
GENE_0849	685	620	429	288	415	574	531	319	412	490
GENE_0850	18	44	34	21	28	40	27	18	28	47
GENE_0851	71	49	88	51	60	346	268	255	226	355
GENE_0852	147	266	268	153	171	211	277	182	157	324
GENE_0853	18	18	35	18	19	7	7	14	17	26
GENE_0854	170	177	277	122	179	315	216	168	165	283
GENE_0855	122	116	165	63	102	130	121	133	47	142
GENE_0856	33	29	44	14	40	35	27	34	26	41
GENE_0857	33	54	72	18	60	49	64	50	44	68
GENE_0858	14	31	20	12	32	23	24	13	9	21
GENE_0859	23	45	27	28	26	30	19	23	25	43
GENE_0860	94	153	141	114	83	146	182	91	101	107
GENE_0861	38	47	50	39	55	47	50	48	43	77
GENE_0862	392	507	756	309	571	788	498	466	458	787
GENE_0863	381	358	525	246	206	296	243	231	333	253
GENE_0864	32	23	52	25	14	27	35	40	19	43
GENE_0865	95	96	168	76	76	64	67	70	54	89
GENE_0866	233	324	572	303	256	309	232	284	224	473
GENE_0867	116	149	175	90	106	105	94	143	146	116
GENE_0868	57	107	128	117	89	122	88	80	52	105
GENE_0869	22	27	32	31	23	91	79	70	54	63
GENE_0870	224	532	347	197	408	274	332	332	235	334
GENE_0871	26	39	32	15	40	36	18	22	26	22
GENE_0872	32	32	47	16	25	45	23	35	38	20
GENE_0873	64	104	91	50	95	59	85	52	99	69
GENE_0874	112	142	149	78	127	197	112	102	107	97
GENE_0875	24	28	20	25	50	36	25	24	40	16
GENE_0876	531	578	744	443	409	717	484	464	504	369
GENE_0877	601	511	671	428	457	484	358	420	662	770
GENE_0878	14	28	17	15	21	15	18	24	21	28
GENE_0879	14	26	31	20	17	32	17	34	21	33
GENE_0880	245	527	367	235	301	424	238	320	253	402
GENE_0881	10	24	25	10	19	18	17	14	24	25
GENE_0882	36	50	88	46	30	63	55	43	59	53
GENE_0883	35	64	59	27	45	64	51	28	35	38
GENE_0884	61	64	62	23	48	71	41	37	66	43
GENE_0885	44	49	63	34	42	81	36	44	47	45
GENE_0886	28	27	42	19	17	34	45	21	28	41
GENE_0887	120	152	246	93	81	127	112	68	74	133
GENE_0888	167	189	269	97	194	221	156	203	175	218
GENE_0889	49	60	100	36	60	48	70	32	61	70
GENE_0890	224	377	345	256	273	389	193	257	240	386
GENE_0891	34	54	76	16	41	78	40	36	52	71
GENE_0892	137	161	205	80	146	160	146	93	121	146
GENE_0893	20	31	31	19	23	20	13	19	15	15
GENE_0894	135	213	232	172	269	197	171	158	173	290
GENE_0895	141	205	199	161	201	442	166	266	240	261
GENE_0896	186	450	404	212	240	446	248	212	268	386
GENE_0897	35	29	36	28	28	29	28	17	21	29
GENE_0898	12	24	34	14	41	52	45	55	39	38
GENE_0899	144	203	376	98	204	238	151	243	150	263
GENE_0900	109	84	108	98	131	170	127	165	123	137
GENE_0901	76	86	116	60	68	65	77	88	79	116
GENE_0902	15	36	29	9	21	29	23	21	22	32
GENE_0903	97	88	108	84	100	92	52	47	46	72
GENE_0904	253	459	342	206	183	377	356	267	342	335
GENE_0905	104	198	140	72	123	178	115	106	95	95
GENE_0906	183	238	324	146	167	254	146	166	169	203
GENE_0907	97	131	83	58	80	119	69	76	62	70
GENE_0908	21	44	31	26	30	30	31	43	23	37
GENE_0909	173	237	225	217	356	116	187	176	163	199
GENE_0910	23	28	39	24	25	24	33	22	21	29
GENE_0911	10	26	38	18	15	9	19	14	24	26
GENE_0912	16	21	29	8	25	28	17	25	17	21
GENE_0913	72	74	85	53	75	82	71	74	71	85
GENE_0914	66	189	248	49	134	142	77	123	115	106
GENE_0915	26	34	43	16	42	39	34	27	21	21
GENE_0916	22	22	26	18	25	25	10	20	15	16
GENE_0917	80	86	147	41	83	78	110	87	58	89
GENE_0918	75	104	94	51	77	114	80	98	83	100
GENE_0919	102	131	151	92	150	174	105	125	123	143
GENE_0920	124	146	182	87	132	109	99	92	99	112
GENE_0921	30	37	39	30	41	29	30	18	28	43
GENE_0922	83	104	106	78	44	85	97	68	32	103
GENE_0923	236	264	449	271	293	491	329	297	257	255
GENE_0924	90	67	120	63	60	121	80	66	59	104
GENE_0925	186	278	384	132	179	201	160	229	156	291
GENE_0926	485	512	768	290	474	562	737	450	341	564
GENE_0927	18	35	34	14	18	26	25	16	21	31
GENE_0928	206	187	293	138	239	215	170	217	196	195
GENE_0929	476	508	713	369	358	536	596	397	452	571
GENE_0930	116	124	170	119	131	143	132	97	102	95
GENE_0931	425	581	588	471	380	572	458	345	419	543
GENE_0932	227	373	466	202	230	583	512	451	326	346
GENE_0933	320	535	802	308	462	541	449	464	495	478
GENE_0934	277	393	337	274	442	492	357	326	386	476
GENE_0935	29	27	48	20	33	30	52	25	35	27
GENE_0936	31	31	50	16	32	24	42	41	34	33
GENE_0937	135	164	128	99	136	68	81	53	55	81
GENE_0938	328	346	392	216	373	270	281	275	281	308
GENE_0939	143	139	182	99	128	161	96	83	123	150
GENE_0940	426	375	602	236	610	479	292	393	461	534
GENE_0941	16	32	26	12	24	18	23	17	17	24
GENE_0942	15	32	35	19	33	39	34	26	32	35
GENE_0943	894	681	989	426	979	443	531	383	253	478
GENE_0944	223	201	287	239	215	243	224	207	139	205
GENE_0945	106	113	152	109	94	167	128	142	69	164
GENE_0946	70	105	75	61	73	95	58	78	70	51
GENE_0947	61	63	59	36	55	44	29	49	30	60
GENE_0948	24	44	25	29	33	40	20	35	39	57
GENE_0949	178	187	309	197	192	267	173	183	182	165
GENE_0950	164	207	268	140	153	196	183	192	167	185
GENE_0951	27	14	24	21	34	31	28	23	16	17
GENE_0952	26	32	46	20	26	34	32	22	20	42
GENE_0953	59	49	98	20	42	65	56	44	41	72
GENE_0954	33	25	26	17	33	35	15	25	30	44
GENE_0955	61	163	185	79	103	123	151	73	102	118
GENE_0956	30	34	51	30	15	45	23	34	21	32
GENE_0957	62	87	166	87	107	104	73	49	74	56
GENE_0958	395	542	685	423	388	438	500	398	505	397
GENE_0959	60	99	102	73	93	73	111	70	69	90
GENE_0960	153	196	333	107	224	169	93	195	121	272
GENE_0961	459	656	597	338	554	710	398	371	352	417
GENE_0962	34	31	46	34	22	54	39	21	13	36
GENE_0963	28	26	32	9	9	22	12	19	11	21
GENE_0964	74	94	117	50	61	91	70	75	74	94
GENE_0965	118	86	187	89	119	136	78	135	168	102
GENE_0966	38	21	58	28	48	37	39	27	32	33
GENE_0967	292	286	472	148	237	301	231	200	281	300
GENE_0968	60	92	95	64	97	83	51	56	80	99
GENE_0969	28	46	32	12	26	41	25	26	26	42
GENE_0970	400	573	593	272	394	563	315	472	679	570
GENE_0971	41	78	95	35	58	46	67	64	44	65
GENE_0972	487	548	629	381	314	559	392	413	539	767
GENE_0973	39	71	70	53	86	38	44	43	38	39
GENE_0974	58	101	171	46	76	108	103	54	86	72
GENE_0975	47	62	74	39	58	83	68	46	51	42
GENE_0976	63	122	108	71	104	75	98	99	77	102
GENE_0977	618	755	726	302	397	524	633	361	346	601
GENE_0978	23	30	16	16	19	20	18	19	27	14
GENE_0979	125	127	133	85	143	122	89	103	92	146
GENE_0980	45	37	76	49	56	51	66	55	39	64
GENE_0981	158	143	320	135	262	339	176	190	153	218
GENE_0982	70	119	138	70	86	74	54	79	91	109
GENE_0983	304	429	491	222	240	311	298	254	254	407
GENE_0984	26	34	43	18	45	37	36	21	13	33
GENE_0985	553	638	611	331	314	415	539	321	455	546
GENE_0986	357	372	304	240	251	382	301	332	253	312
GENE_0987	92	97	68	55	58	67	52	73	132	125
GENE_0988	20	16	40	11	23	26	18	17	19	31
GENE_0989	311	513	612	461	476	567	579	505	455	593
GENE_0990	125	147	212	138	129	158	143	96	110	109
GENE_0991	14	47	26	35	19	27	17	48	25	30
GENE_0992	34	50	41	32	26	41	35	41	17	40
GENE_0993	19	16	30	22	26	20	21	24	16	9
GENE_0994	561	456	623	313	598	716	536	421	448	607
GENE_0995	13	47	43	14	28	37	8	12	18	32
GENE_0996	32	30	72	52	39	58	48	41	43	51
GENE_0997	522	491	660	376	366	672	544	448	700	446
GENE_0998	361	275	458	221	380	320	252	271	256	359
GENE_0999	101	121	136	133	103	191	98	114	170	128
GENE_1000	147	170	174	99	104	106	115	83	75	148
